state,county,census_county_fips
LA,Plaquemines,22075
IN,St Joseph,18141
MD,Prince Georges,24033
MO,St. Clair,29185
FL,Saint Lucie,12111
FL,Saint Johns,12109
CT,New Haven,09009
CT,Litchfield,09005
CT,Windham,09015
CT,Hartford,09003
VA,Prince George,51149
VA,Frederick,51069
CT,Fairfield,09001
CT,Tolland,09013
CT,South Central Ct,09170
SC,Chester,45023
NC,Camden,37029
VA,Richmond City,51760
VA,Roanoke City,51770
IN,Franklin,18047
NM,Dona Ana,35013
IN,La Porte,18091
AK,Valdez-Cordova,02261
GA,Catoosa,13047
ND,Grant,38037
OH,Ohio,39000
IL,Saint Clair,17163
OH,Auglaize,39011
MD,Baltimore City,24510
MN,Wadena,27159
GA,Habersham,13137
MN,Saint Louis,27137
OK,Latimer,40077
TX,Hill,48217
CO,Weld County,08123
OK,Adair,40001
KS,Rawlins,20153
CT,Middlesex,09007
AR,Jackson,05067
GA,Banks,13011
IL,La Salle,17099
CT,New London,09011
PA,Bucks,42017
TX,Harris,48201
MN,Hennepin,27053
VA,Washington,51191
ID,Cassia,16031
TX,Washington,48477
NY,Kings,36047
FL,Jackson,12063
FL,Duval,12031
MS,Oktibbeha,28105
KY,Hopkins,21107
OH,Allen,39003
NM,Bernalillo,35001
OH,Wayne,39169
TX,Wheeler,48483
WA,Pierce,53053
MS,Covington,28031
OH,Franklin,39049
VT,Bennington,50003
FL,Palm Beach,12099
NH,Merrimack,33013
LA,Richland,22083
CA,Sacramento,06067
IL,Winnebago,17201
WI,Jefferson,55055
SC,Beaufort,45013
MS,Tallahatchie,28135
OK,McClain,40087
ME,Piscataquis,23021
FL,Santa Rosa,12113
TN,Cannon,47015
AZ,Maricopa,04013
FL,Walton,12131
MS,Hancock,28045
TX,Young,48503
OH,Cuyahoga,39035
LA,Vermilion,22113
MD,Baltimore,24510
CA,Los Angeles,06037
NJ,Bergen,34003
WV,Calhoun,54013
MN,Swift,27151
AR,Chicot,05017
CA,Contra Costa,06013
MS,Webster,28155
TX,McLennan,48309
FL,Charlotte,12015
TN,Rutherford,47149
AR,Little River,05081
NV,Washoe,32031
CA,San Francisco,06075
WV,Putnam,54079
NH,Cheshire,33005
MN,Goodhue,27049
IL,Lawrence,17101
NC,Iredell,37097
AL,Conecuh,01035
WV,Taylor,54091
IN,Washington,18175
SD,Minnehaha,46099
CA,San Diego,06073
AR,Benton,05007
TX,Cameron,48061
AL,Jefferson,01073
SD,Hughes,46065
NC,McDowell,37111
LA,Webster,22119
LA,Orleans,22071
CA,Monterey,06053
GA,DeKalb,13089
NV,Clark,32003
MN,Mower,27099
FL,Lee,12071
IN,Hancock,18059
IL,Fulton,17057
IA,Polk,19153
KY,Rockcastle,21203
KS,Rooks,20163
AZ,Pima,04019
NY,Delaware,36025
MS,Washington,28151
WA,Klickitat,53039
ND,Grand Forks,38035
MN,Yellow Medicine,27173
OR,Tillamook,41057
MO,Camden,29029
TN,Sullivan,47163
MO,Gasconade,29073
KS,Pottawatomie,20149
CO,Larimer,08069
IL,Cook,17031
NY,Franklin,36033
GA,Carroll,13045
KY,Jefferson,21111
TX,Tarrant,48439
SD,Lawrence,46081
TX,Bexar,48029
TX,Collin,48085
FL,Pinellas,12103
IA,Scott,19163
VA,Williamsburg,51830
PA,Delaware,42045
TN,Washington,47179
MO,Greene,29077
NJ,Atlantic,34001
IA,Guthrie,19077
MN,Rock,27133
OH,Fairfield,39045
AL,Limestone,01083
WI,Lafayette,55065
TX,Dallas,48113
GA,Rockdale,13247
AR,Pulaski,05119
MI,Monroe,26115
ID,Kootenai,16055
PA,Cambria,42021
WI,Rock,55105
TX,Jack,48237
IL,Iroquois,17075
WV,Mason,54053
HI,Hawaii,15001
TX,Matagorda,48321
OH,Mahoning,39099
TN,Lawrence,47099
TX,Wise,48497
SC,Richland,45079
MN,Olmsted,27109
PA,Centre,42027
WA,Adams,53001
DC,District of Columbia,11001
SC,Jasper,45053
NY,Nassau,36059
OH,Lucas,39095
WA,Yakima,53077
VA,Henrico,51087
FL,St. Lucie,12111
CA,Riverside,06065
IA,Lyon,19119
MO,Texas,29215
WI,Waukesha,55133
WI,Dodge,55027
MO,St. Louis,29510
TX,Cooke,48097
IN,Monroe,18105
PA,Tioga,42117
IN,Lake,18089
LA,Rapides,22079
TN,Maury,47119
CO,Mesa,08077
GA,Laurens,13175
NY,Orange,36071
IL,DeKalb,17037
MO,Livingston,29117
WV,Mercer,54055
ND,Wells,38103
WI,Polk,55095
MS,Jackson,28059
AK,Kenai Peninsula,02122
MO,Iron,29093
OH,Medina,39103
AZ,Apache,04001
NY,New York,36061
LA,Iberville,22047
IN,Lawrence,18093
WI,Dane,55025
LA,St. Mary,22101
FL,Miami-Dade,12086
TX,Bastrop,48021
OK,Canadian,40017
MA,Plymouth,25023
CA,San Joaquin,06077
MI,Barry,26015
IA,Jasper,19099
IA,Lee,19111
FL,Hillsborough,12057
ND,Sioux,38085
CA,Solano,06095
AZ,Cochise,04003
TX,Martin,48317
HI,Honolulu,15003
VA,Accomack,51001
AL,Calhoun,01015
NC,Surry,37171
FL,Orange,12095
KS,Decatur,20039
IN,Marion,18097
MI,Marquette,26103
NC,Cabarrus,37025
TX,El Paso,48141
IN,Kosciusko,18085
MO,Clay,29047
MI,Cass,26027
GA,Fulton,13121
NJ,Middlesex,34023
LA,Lafayette,22055
GA,Towns,13281
OR,Yamhill,41071
TX,Pecos,48371
PA,Clinton,42035
OK,Comanche,40031
UT,Salt Lake,49035
NE,Dodge,31053
OK,Caddo,40015
AR,Cross,05037
PA,Montgomery,42091
CA,San Bernardino,06071
MN,St. Louis,27137
KS,Marion,20115
NJ,Ocean,34029
PA,Lawrence,42073
MT,Meagher,30059
SC,Spartanburg,45083
WI,Fond du Lac,55039
GA,Muscogee,13215
CO,Adams,08001
KS,Franklin,20059
LA,Calcasieu,22019
OK,Oklahoma,40109
CA,Napa,06055
GA,Gordon,13129
AL,Marengo,01091
SC,Greenville,45045
WI,Waupaca,55135
GA,Appling,13001
TX,Smith,48423
OH,Lake,39085
NC,Durham,37063
TX,Travis,48453
MN,Otter Tail,27111
WV,Summers,54089
OK,Tulsa,40143
AR,Baxter,05005
TX,Potter,48375
CO,Lake,08065
KY,Harrison,21097
CA,Sonoma,06097
AL,Lauderdale,01077
SD,Custer,46033
CA,Kern,06029
TX,Hunt,48231
MI,Midland,26111
AR,Bradley,05011
IN,Vigo,18167
TN,Cumberland,47035
AK,Anchorage,02020
ME,Penobscot,23019
MT,Glacier,30035
IN,Tippecanoe,18157
MO,Sullivan,29211
PA,Indiana,42063
NY,St. Lawrence,36089
WV,Braxton,54007
MO,Madison,29123
VA,Montgomery,51121
MS,Tishomingo,28141
ME,Lincoln,23015
OH,Scioto,39145
NY,Suffolk,36103
TX,Starr,48427
IL,Christian,17021
KS,Harper,20077
NJ,Monmouth,34025
WI,St. Croix,55109
OR,Linn,41043
MO,St. Charles,29183
IA,Madison,19121
FL,Polk,12105
AR,Pope,05115
SC,Darlington,45031
CO,Gunnison,08051
MA,Essex,25009
OR,Coos,41011
KS,Greeley,20071
NE,Webster,31181
WV,Wood,54107
MS,Grenada,28043
MS,DeSoto,28033
ND,Divide,38023
WV,Kanawha,54039
WI,Milwaukee,55079
IL,Schuyler,17169
PA,Lycoming,42081
CO,Phillips,08095
TX,Hood,48221
IA,Wayne,19185
OR,Multnomah,41051
OH,Henry,39069
TX,Hidalgo,48215
IL,McLean,17113
AL,Mobile,01097
NE,Madison,31119
TX,Fort Bend,48157
KS,Wyandotte,20209
ND,Stark,38089
WI,Marinette,55075
FL,Sumter,12119
MO,Jackson,29095
TN,Hamilton,47065
SD,Jerauld,46073
TN,Hickman,47081
CA,Tulare,06107
NY,Erie,36029
IL,McHenry,17111
GA,Coffee,13069
CA,Ventura,06111
UT,Grand,49019
WA,Whitman,53075
NC,Stokes,37169
GA,Worth,13321
PA,Butler,42019
KS,Marshall,20117
NM,Lincoln,35027
TX,Kaufman,48257
IA,Henry,19087
UT,Box Elder,49003
OR,Marion,41047
NC,Anson,37007
OH,Hancock,39063
LA,Jefferson Davis,22053
IA,O'Brien,19141
GA,Spalding,13255
GA,Screven,13251
IN,Huntington,18069
VA,Fairfax,51059
IL,Lake,17097
LA,Caddo,22017
FL,Escambia,12033
GA,Tattnall,13267
GA,Dougherty,13095
MA,Middlesex,25017
NH,Rockingham,33015
FL,Clay,12019
CO,Broomfield,08014
MN,Martin,27091
LA,West Carroll,22123
NY,Queens,36081
TX,Parmer,48369
OH,Hocking,39073
MS,Pearl River,28109
CO,Prowers,08099
OH,Highland,39071
KS,Pratt,20151
NM,Colfax,35007
KY,Rowan,21205
TN,Perry,47135
CA,Orange,06059
FL,Alachua,12001
IL,Vermilion,17183
MS,Harrison,28047
OK,Pottawatomie,40125
NY,Sullivan,36105
TN,Knox,47093
IA,Winneshiek,19191
TX,Gonzales,48177
PA,Lancaster,42071
WI,Burnett,55013
OK,Logan,40083
WA,Chelan,53007
NY,Jefferson,36045
KY,Cumberland,21057
OH,Trumbull,39155
IA,Washington,19183
VA,Lancaster,51103
TN,Davidson,47037
IL,Kane,17089
AL,Autauga,01001
IN,Pulaski,18131
NY,Wayne,36117
ID,Boundary,16021
VT,Orange,50017
FL,Hendry,12051
NY,Livingston,36051
LA,Claiborne,22027
IA,Fremont,19071
MN,Stevens,27149
WI,Racine,55101
MS,Hinds,28049
TN,Henderson,47077
CO,Yuma,08125
TX,Montgomery,48339
NY,Rensselaer,36083
TN,Shelby,47157
PA,Lackawanna,42069
WV,Lewis,54041
TX,Mitchell,48335
IN,Jasper,18073
LA,St. Tammany,22103
TN,Haywood,47075
PA,Westmoreland,42129
NH,Grafton,33009
ID,Oneida,16071
KY,Floyd,21071
TX,Coleman,48083
PA,Allegheny,42003
LA,Jefferson,22051
NJ,Union,34039
NE,Perkins,31135
NM,San Miguel,35047
MO,Jasper,29097
FL,Union,12125
IN,Allen,18003
WI,Marathon,55073
NY,Steuben,36101
NY,Westchester,36119
OK,Mayes,40097
MI,St. Clair,26147
MI,CHIPPEWA,26033
ME,Kennebec,23011
MO,Saline,29195
LA,Ouachita,22073
TX,Freestone,48161
PA,Mercer,42085
CA,Humboldt,06023
IN,Perry,18123
IL,Hardin,17069
KS,Jewell,20089
IL,LaSalle,17099
MO,Dent,29065
LA,Vernon,22115
MT,Gallatin,30031
SC,Charleston,45019
NJ,Sussex,34037
IN,Randolph,18135
SD,Spink,46115
MT,Rosebud,30087
NJ,Morris,34027
MS,Alcorn,28003
OH,Lorain,39093
TX,Haskell,48207
NE,Otoe,31131
MN,Beltrami,27007
OH,Delaware,39041
DE,New Castle,10003
MS,Claiborne,28021
CO,Pueblo,08101
KS,Seward,20175
WA,King,53033
IA,Dickinson,19059
WI,Barron,55005
PA,Fayette,42051
TN,Blount,47009
NY,Richmond,36085
UT,Washington,49053
IL,Logan,17107
MA,Suffolk,25025
MS,Holmes,28051
MS,Scott,28123
AZ,Pinal,04021
CA,Alameda,06001
AK,Dillingham,02070
SC,Anderson,45007
PA,Luzerne,42079
CA,Tehama,06103
NM,Chaves,35005
OH,Warren,39165
GA,Bacon,13005
IL,Sangamon,17167
NY,Rockland,36087
OH,Hardin,39065
MN,Jackson,27063
AL,Escambia,01053
NC,Ashe,37009
WI,Kenosha,55059
TN,Jefferson,47089
SC,Orangeburg,45075
ID,Bonneville,16019
KS,Stevens,20189
TX,Tom Green,48451
FL,Holmes,12059
NJ,Camden,34007
TX,Hays,48209
SD,Pennington,46103
OR,Washington,41067
IA,Johnson,19103
OH,Knox,39083
FL,Okaloosa,12091
IA,Webster,19187
IA,Ida,19093
KS,Crawford,20037
OR,Douglas,41019
MI,Ingham,26065
MN,Lake,27075
KS,Greenwood,20073
MT,Missoula,30063
KS,Sedgwick,20173
TX,Runnels,48399
MN,Lake of the Woods,27077
WI,Manitowoc,55071
MS,Franklin,28037
TX,Williamson,48491
GA,Jenkins,13165
GA,Clarke,13059
LA,Pointe Coupee,22077
AL,Elmore,01051
KS,Thomas,20193
CA,Mendocino,06045
OH,Summit,39153
KY,Warren,21227
FL,Seminole,12117
NM,San Juan,35045
PA,Clarion,42031
PA,Greene,42059
WI,La Crosse,55063
SC,Horry,45051
SC,Laurens,45059
NJ,Gloucester,34015
TX,Nueces,48355
MD,Montgomery,24031
GA,Sumter,13261
NH,Hillsborough,33011
PA,Blair,42013
WA,Spokane,53063
PA,Washington,42125
PA,Philadelphia,42101
WI,Grant,55043
TN,Carter,47019
IN,Clinton,18023
GA,Jefferson,13163
VA,Norton,51720
SD,Haakon,46055
AR,Fulton,05049
ND,Griggs,38039
MO,Macon,29121
CO,La Plata,08067
MN,Itasca,27061
OH,Richland,39139
ID,Madison,16065
NM,Los Alamos,35028
IA,Harrison,19085
MS,Marshall,28093
OK,Coal,40029
MO,Adair,29001
TN,McMinn,47107
IN,St. Joseph,18141
TX,Lubbock,48303
MT,Silver Bow,30093
IA,Hancock,19081
KS,Reno,20155
KS,Johnson,20091
VT,Windsor,50027
MN,Pope,27121
FL,Volusia,12127
FL,Sarasota,12115
GA,Chatham,13051
NE,Boone,31011
MD,Worcester,24047
AL,Lawrence,01079
FL,Lake,12069
AZ,Yavapai,04025
HI,Kauai,15007
GA,Troup,13285
MT,Lewis and Clark,30049
IL,DuPage,17043
IL,Greene,17061
AZ,Gila,04007
MI,St. Joseph,26149
AK,Kodiak Island,02150
MO,Grundy,29079
NE,York,31185
TX,Crosby,48107
ME,Hancock,23009
CO,Denver,08031
NM,Taos,35055
KY,Casey,21045
CO,Rio Grande,08105
MI,Mackinac,26097
OH,Defiance,39039
MI,Alger,26003
WI,Vernon,55123
NE,Sarpy,31153
NE,Valley,31175
HI,Maui,15009
KS,Meade,20119
AL,Marion,01093
ND,Foster,38031
NE,Holt,31089
TX,Bell,48027
PA,Lehigh,42077
MO,Perry,29157
LA,East Baton Rouge,22033
KY,Green,21087
WA,Clallam,53009
DE,Kent,10001
CO,Arapahoe,08005
NH,Belknap,33001
ME,Aroostook,23003
IN,Dubois,18037
IA,Van Buren,19177
KY,McCracken,21145
WV,Raleigh,54081
ME,Knox,23013
NE,Kearney,31099
KS,Pawnee,20145
ME,Oxford,23017
NC,Cherokee,37039
CA,Stanislaus,06099
MD,Wicomico,24045
ND,Cass,38017
CA,Santa Clara,06085
IL,Wabash,17185
KS,Logan,20109
ID,Ada,16001
CA,San Mateo,06081
MI,Washtenaw,26161
MI,Dickinson,26043
MS,Monroe,28095
TN,Claiborne,47025
OR,Baker,41001
VA,Roanoke,51770
WV,Preston,54077
IN,Wayne,18177
KS,Shawnee,20177
NY,Saratoga,36091
WI,Richland,55103
KS,Stanton,20187
IA,Sioux,19167
FL,Columbia,12023
TN,Henry,47079
MT,Valley,30105
RI,Providence,44007
NJ,Essex,34013
CA,Amador,06005
WV,Wetzel,54103
IL,Rock Island,17161
OH,Montgomery,39113
GA,Murray,13213
MO,Crawford,29055
GA,Wayne,13305
NM,Sandoval,35043
OH,Ashtabula,39007
NY,Lewis,36049
IA,Sac,19161
CO,Boulder,08013
IL,Tazewell,17179
NC,Swain,37173
UT,Wasatch,49051
WA,Thurston,53067
WI,Dunn,55033
MN,Carver,27019
OK,Murray,40099
VA,Virginia Beach,51810
AL,Sumter,01119
PA,Montour,42093
TN,Madison,47113
UT,Tooele,49045
NY,Onondaga,36067
MN,Lyon,27083
ID,Canyon,16027
NE,Adams,31001
IL,Peoria,17143
CO,Archuleta,08007
MO,Butler,29023
CA,Shasta,06089
CA,Madera,06039
WV,Ohio,54069
AR,Arkansas,05001
NY,Chemung,36015
NC,Wilson,37195
NY,Bronx,36005
TN,Tipton,47167
TX,Hopkins,48223
IL,Madison,17119
NC,Hoke,37093
MN,Waseca,27161
IL,Hancock,17067
OK,Cleveland,40027
MA,Worcester,25027
MT,Deer Lodge,30023
WA,Okanogan,53047
MI,Berrien,26021
MN,McLeod,27085
WI,Sauk,55111
IN,Floyd,18043
AL,Tallapoosa,01123
VA,Dickenson,51051
IN,Adams,18001
LA,Beauregard,22011
MS,Amite,28005
ID,Butte,16023
NY,Monroe,36055
KY,Caldwell,21033
IN,Vanderburgh,18163
MI,Wayne,26163
AR,Union,05139
IL,Washington,17189
RI,Kent,44003
MI,Kent,26081
VA,Bedford,51019
MS,Lamar,28073
LA,Allen,22003
OK,Dewey,40043
KS,Neosho,20133
WV,Brooke,54009
PA,Erie,42049
MO,Vernon,29217
NE,Chase,31029
MI,Van Buren,26159
MS,Jasper,28061
MN,Ramsey,27123
ME,Somerset,23025
TX,Ellis,48139
WA,Columbia,53013
KY,Carroll,21041
OK,Washita,40149
TX,Parker,48367
CA,Yuba,06115
SC,Florence,45041
TX,Fannin,48147
NE,Lancaster,31109
NC,Hertford,37091
AL,Blount,01009
KY,Leslie,21131
AL,St. Clair,01115
KY,Letcher,21133
PA,Dauphin,42043
WA,Grays Harbor,53027
IN,Clark,18019
NC,Mecklenburg,37119
NE,Harlan,31083
IL,Montgomery,17135
IN,Dearborn,18029
NY,Ulster,36111
VT,Windham,50025
FL,Hernando,12053
PA,Fulton,42057
LA,Tangipahoa,22105
LA,Bienville,22013
ME,Cumberland,23005
LA,East Carroll,22035
KY,Barren,21009
TX,Jefferson,48245
VA,Norfolk,51710
WA,San Juan,53055
TN,Unicoi,47171
TX,Brazos,48041
MI,Schoolcraft,26153
CA,Nevada,06057
AZ,Yuma,04027
VA,Rockingham,51165
NE,Platte,31141
IL,Kankakee,17091
KS,Kiowa,20097
PA,York,42133
MT,Toole,30101
MN,Washington,27163
MS,Adams,28001
IA,Decatur,19053
MI,Houghton,26061
PA,Schuylkill,42107
KS,Barton,20009
MS,Lauderdale,28075
OK,Creek,40037
KY,Fayette,21067
TX,Howard,48227
TN,Gibson,47053
KY,Grant,21081
OK,Beckham,40009
MN,Faribault,27043
CA,Modoc,06049
VA,Fauquier,51061
IN,Johnson,18081
CO,El Paso,08041
WY,Platte,56031
MI,Genesee,26049
IN,Marshall,18099
NY,Tompkins,36109
CA,Lake,06033
CO,Jefferson,08059
MD,Kent,24029
TX,Nacogdoches,48347
NE,Red Willow,31145
MS,Walthall,28147
TX,Bosque,48035
MO,Howell,29091
IA,Hamilton,19079
OK,Delaware,40041
MT,Beaverhead,30001
NY,Yates,36123
NC,Haywood,37087
IL,Boone,17007
TX,Gaines,48165
WI,Juneau,55057
KS,Hamilton,20075
FL,Madison,12079
ND,Nelson,38063
OR,Grant,41023
UT,Utah,49049
WI,Brown,55009
NE,Polk,31143
ND,Dickey,38021
PA,Mifflin,42087
OH,Huron,39077
CO,Alamosa,08003
IN,Montgomery,18107
SD,Turner,46125
IL,Bond,17005
TX,Scurry,48415
WV,Mingo,54059
WI,Washburn,55129
TN,Bledsoe,47007
IL,Fayette,17051
TX,Webb,48479
WA,Benton,53005
OR,Hood River,41027
WI,Langlade,55067
KS,Jefferson,20087
CO,Rio Blanco,08103
OK,Hughes,40063
PA,Franklin,42055
GA,Hall,13139
NE,Pawnee,31133
NC,Johnston,37101
NC,Henderson,37089
IN,Fulton,18049
MS,Copiah,28029
OK,Washington,40147
OK,Cherokee,40021
CA,Imperial,06025
WI,Pepin,55091
IN,Putnam,18133
IL,Jefferson,17081
TX,Gregg,48183
LA,St. James,22093
OK,Johnston,40069
TX,Colorado,48089
KS,Ellis,20051
UT,Juab,49023
MI,Baraga,26013
TX,Limestone,48293
LA,Acadia,22001
TX,Lamar,48277
TX,Randall,48381
TX,Somervell,48425
MO,Linn,29115
GA,Floyd,13115
IL,Ford,17053
KY,Marshall,21157
WV,Pocahontas,54075
IA,Pocahontas,19151
TX,Denton,48121
KS,Kearny,20093
GA,Cobb,13067
MI,Shiawassee,26155
FL,Broward,12011
NC,Guilford,37081
NC,Harnett,37085
TX,Llano,48299
TX,Dawson,48115
OR,Jefferson,41031
IN,Scott,18143
KS,Sumner,20191
TX,Comal,48091
NC,Davidson,37057
VA,Richmond,51760
MT,Yellowstone,30111
NC,Stanly,37167
FL,Collier,12021
IA,Marion,19125
NV,Carson City,32510
MT,Big Horn,30003
WI,Oneida,55085
PA,Huntingdon,42061
CO,Montrose,08085
OH,Stark,39151
AL,Clay,01027
OK,Haskell,40061
WI,Sheboygan,55117
MA,Dukes,25007
IL,Henry,17073
TN,Scott,47151
VA,Bristol,51520
CA,San Luis Obispo,06079
ID,Twin Falls,16083
UT,Cache,49005
OH,Hamilton,39061
NE,Hamilton,31081
TN,Giles,47055
IA,Keokuk,19107
GA,Glynn,13127
MI,Oakland,26125
CO,Morgan,08087
MO,Polk,29167
IN,DeKalb,18033
LA,LaSalle,22059
MI,Branch,26023
WV,Tyler,54095
TX,Chambers,48071
WA,Grant,53025
TX,Kleberg,48273
KY,Laurel,21125
WY,Sweetwater,56037
WY,Natrona,56025
FL,Citrus,12017
OH,Champaign,39021
IA,Kossuth,19109
MA,Hampden,25013
KY,Breckinridge,21027
KS,Cheyenne,20023
MN,Pipestone,27117
NY,Broome,36007
AR,Hempstead,05057
FL,Leon,12073
OK,Pawnee,40117
CO,Douglas,08035
OK,Pittsburg,40121
MS,Leflore,28083
IN,Orange,18117
WV,Monongalia,54061
GA,Ware,13299
KY,Ohio,21183
NE,Hall,31079
LA,Red River,22081
TX,Ward,48475
OH,Ashland,39005
MT,Granite,30039
GA,Dekalb,13089
UT,Beaver,49001
WI,Ashland,55003
IA,Mitchell,19131
OH,Portage,39133
IN,Steuben,18151
WY,Big Horn,56003
MT,Roosevelt,30085
OK,Garfield,40047
WA,Clark,53011
AL,DeKalb,01049
MS,Clay,28025
IN,Greene,18055
SC,Kershaw,45055
NE,Phelps,31137
IA,Grundy,19075
ID,Idaho,16049
AL,Madison,01089
MT,Broadwater,30007
KY,Monroe,21171
IL,Richland,17159
GA,Forsyth,13117
KS,Wilson,20205
IA,Linn,19113
CA,Siskiyou,06093
FL,Indian River,12061
TN,DeKalb,47041
OK,Muskogee,40101
GA,Stephens,13257
SC,Dorchester,45035
NC,Buncombe,37021
MN,Redwood,27127
TX,Taylor,48441
WA,Jefferson,53031
MI,Jackson,26075
FL,Pasco,12101
AL,Marshall,01095
WI,Portage,55097
TN,Benton,47005
MO,Barry,29009
IN,Bartholomew,18005
LA,Iberia,22045
TN,Montgomery,47125
MO,Barton,29011
AR,Conway,05029
IA,Floyd,19067
KY,Trigg,21221
NE,Nemaha,31127
CA,Santa Barbara,06083
NY,Ontario,36069
MI,Delta,26041
MT,Liberty,30051
CA,Plumas,06063
MT,Madison,30057
NC,Union,37179
TX,Castro,48069
PA,Venango,42121
VA,Page,51139
NV,Douglas,32005
OK,Seminole,40133
TX,Medina,48325
TN,Overton,47133
MN,Pine,27115
IL,Whiteside,17195
SD,Charles Mix,46023
AK,Fairbanks North Star,02090
PA,Berks,42011
SD,Day,46037
GA,Clinch,13065
TX,Brazoria,48039
NJ,Burlington,34005
IN,Decatur,18031
CA,Yolo,06113
NY,Allegany,36003
MN,Carlton,27017
WI,Lincoln,55069
VA,Arlington,51013
NJ,Somerset,34035
GA,Colquitt,13071
MD,St. Mary's,24037
CA,Fresno,06019
VA,Warren,51187
NM,Quay,35037
CO,Lincoln,08073
SC,Greenwood,45047
NC,Chatham,37037
WA,Lincoln,53043
MI,Bay,26017
CA,Colusa,06011
MA,Norfolk,25021
NM,Grant,35017
TN,Coffee,47031
CO,Teller,08119
MI,Macomb,26099
NC,Gaston,37071
NC,Alleghany,37005
NC,Catawba,37035
IN,Hamilton,18057
IL,Edgar,17045
OK,Lincoln,40081
GA,Baldwin,13009
WI,Green,55045
TX,Galveston,48167
TX,Dimmit,48127
TX,Grayson,48181
GA,Bibb,13021
GA,Burke,13033
AR,Jefferson,05069
TX,Hutchinson,48233
NY,Chautauqua,36013
SD,Bon Homme,46009
SC,Pickens,45077
GA,Bulloch,13031
NE,Cherry,31031
IA,Jackson,19097
ID,Bear Lake,16007
LA,Madison,22065
NJ,Passaic,34031
WY,Fremont,56013
TX,Titus,48449
IA,Osceola,19143
MI,Huron,26063
WA,Stevens,53065
GA,Butts,13035
GA,Bartow,13015
IL,De Witt,17039
KY,Hardin,21093
NC,New Hanover,37129
TX,Bee,48025
MO,Marion,29127
KY,Christian,21047
IA,Calhoun,19025
TX,Caldwell,48055
VA,York,51199
KS,Stafford,20185
MN,Norman,27107
PA,Cumberland,42041
MN,Wright,27171
TX,Andrews,48003
GA,Richmond,13245
KS,Republic,20157
AR,Hot Spring,05059
UT,Carbon,49007
LA,Lincoln,22061
TX,Grimes,48185
TN,Hamblen,47063
NM,Sierra,35051
IL,Macon,17115
IA,Monona,19133
VT,Lamoille,50015
IA,Emmet,19063
WA,Walla Walla,53071
MO,Gentry,29075
NE,Douglas,31055
IA,Mahaska,19123
GA,Lowndes,13185
KS,Atchison,20005
ME,Androscoggin,23001
AR,St. Francis,05123
TX,Lamb,48279
OK,Le Flore,40079
OR,Umatilla,41059
MO,Carroll,29033
AZ,Coconino,04005
NY,Otsego,36077
AL,Colbert,01033
ND,Emmons,38029
MI,Gladwin,26051
VA,Augusta,51015
WA,Lewis,53041
NJ,Mercer,34021
UT,Davis,49011
WA,Cowlitz,53015
KS,Norton,20137
NM,Union,35059
IN,Miami,18103
IN,Wells,18179
TN,Macon,47111
MN,Wabasha,27157
KS,Labette,20099
IN,Boone,18011
WA,Kitsap,53035
MI,Osceola,26133
TX,Karnes,48255
IA,Delaware,19055
TX,Frio,48163
CA,Merced,06047
MS,Bolivar,28011
MN,Kittson,27069
KY,Mason,21161
ID,Franklin,16041
AZ,Navajo,04017
IN,Rush,18139
PA,Somerset,42111
NC,Carteret,37031
OH,Adams,39001
LA,Terrebonne,22109
VT,Caledonia,50005
AR,Carroll,05015
MS,Sunflower,28133
TX,Jackson,48239
AR,Ouachita,05103
IN,Warrick,18173
IL,Macoupin,17117
MI,Montcalm,26117
CA,Kings,06031
TN,Sumner,47165
VA,Franklin,51620
MA,Bristol,25005
KY,Montgomery,21173
TX,Upton,48461
WA,Pend Oreille,53051
VA,Albemarle,51003
OK,Payne,40119
SC,York,45091
IL,Champaign,17019
GA,Seminole,13253
NC,Vance,37181
AR,Garland,05051
ND,Ward,38101
MO,St. Francois,29187
SC,Union,45087
IL,St. Clair,17163
AR,Van Buren,05141
CA,Sutter,06101
MI,Tuscola,26157
IL,Coles,17029
NY,Fulton,36035
ID,Bannock,16005
VA,Shenandoah,51171
IA,Clinton,19045
KY,Oldham,21185
IA,Bremer,19017
TX,Liberty,48291
WA,Ferry,53019
WV,Hampshire,54027
NE,Thurston,31173
GA,Whitfield,13313
TN,Greene,47059
LA,Avoyelles,22009
KS,Barber,20007
IA,Poweshiek,19157
IA,Dubuque,19061
TX,Navarro,48349
FL,Highlands,12055
LA,Lafourche,22057
CA,Butte,06007
IN,Warren,18171
FL,Brevard,12009
GA,Mitchell,13205
NV,White Pine,32033
NC,Craven,37049
IL,Crawford,17033
KS,Sheridan,20179
OR,Jackson,41029
VA,James City,51095
ID,Bonner,16017
GA,Peach,13225
IA,Pottawattamie,19155
MA,Barnstable,25001
OH,Morrow,39117
OK,Pushmataha,40127
WI,Eau Claire,55035
WA,Skagit,53057
IA,Story,19169
TX,Hansford,48195
IL,Will,17197
OH,Coshocton,39031
LA,Union,22111
KY,Bell,21013
NE,Franklin,31061
FL,Monroe,12087
KY,Livingston,21139
KY,Union,21225
NC,Watauga,37189
NY,Clinton,36019
TX,Austin,48015
KS,Finney,20055
CO,Chaffee,08015
VA,New Kent,51127
NC,Caldwell,37027
KY,Clark,21049
NV,Mineral,32021
MN,Lac qui Parle,27073
KS,McPherson,20113
TX,Brown,48049
ME,York,23031
IL,Randolph,17157
VA,Portsmouth,51740
NH,Strafford,33017
VA,Loudoun,51107
CO,Garfield,08045
TX,Guadalupe,48187
SD,Lincoln,46083
PA,Columbia,42037
AR,Desha,05041
OH,Butler,39017
OK,Stephens,40137
KS,Dickinson,20041
OR,Lincoln,41041
TX,Anderson,48001
MI,Mason,26105
VA,Wise,51195
MN,Nicollet,27103
IN,Morgan,18109
IA,Ringgold,19159
VA,Tazewell,51185
MN,Todd,27153
TX,Knox,48275
MI,Allegan,26005
AL,Clarke,01025
MD,Washington,24043
CO,Conejos,08021
NE,Morrill,31123
TX,Lavaca,48285
OH,Washington,39167
WY,Sheridan,56033
TX,Burleson,48051
IA,Union,19175
TX,Reagan,48383
MO,Jefferson,29099
ME,Waldo,23027
AR,Stone,05137
KY,Logan,21141
MT,Flathead,30029
KY,Campbell,21037
AL,Washington,01129
TX,DeWitt,48123
VA,Stafford,51179
OR,Wasco,41065
WY,Goshen,56015
OK,Wagoner,40145
NE,Buffalo,31019
ID,Bingham,16011
NJ,Warren,34041
AZ,Graham,04009
MO,Lafayette,29107
AR,Clark,05019
MO,Cape Girardeau,29031
AL,Dallas,01047
OH,Williams,39171
FL,St. Johns,12109
NE,Dawson,31047
IN,Wabash,18169
KS,Anderson,20003
MS,Lawrence,28077
TX,Stephens,48429
GA,Paulding,13223
NY,Niagara,36063
SC,Colleton,45029
MN,Koochiching,27071
TN,Bedford,47003
SD,Hutchinson,46067
NC,Lincoln,37109
WY,Uinta,56041
MS,Rankin,28121
AL,Walker,01127
TX,Cochran,48079
IA,Hardin,19083
CA,Marin,06041
KS,Coffey,20031
CO,Routt,08107
GA,Union,13291
SC,Dillon,45033
OH,Gallia,39053
NC,Bladen,37017
AK,Petersburg,02195
TN,Weakley,47183
TX,Rusk,48401
IL,Lee,17103
GA,Cook,13075
MA,Berkshire,25003
KS,Montgomery,20125
MI,Mecosta,26107
WA,Snohomish,53061
AR,Dallas,05039
CO,Kit Carson,08063
GA,Emanuel,13107
MS,George,28039
WI,Clark,55019
MD,Anne Arundel,24003
MS,Winston,28159
CA,Mono,06051
NC,Rutherford,37161
IA,Black Hawk,19013
KY,Boyd,21019
WV,Fayette,54019
NM,Curry,35009
PA,Elk,42047
TX,Montague,48337
IL,Jackson,17077
IA,Muscatine,19139
TN,White,47185
NE,Cheyenne,31033
OH,Pickaway,39129
IA,Wapello,19179
UT,Garfield,49017
ND,McLean,38055
MN,Freeborn,27047
MD,Carroll,24013
WI,Oconto,55083
WY,Niobrara,56027
MO,Putnam,29171
OH,Wood,39173
SD,Clay,46027
GA,Early,13099
FL,Marion,12083
MA,Nantucket,25019
LA,St. Landry,22097
TN,Loudon,47105
TX,Wilson,48493
GA,Clayton,13063
IL,Clay,17025
VA,Fredericksburg,51630
ID,Blaine,16013
TN,Houston,47083
AL,Shelby,01117
NJ,Cumberland,34011
KS,Geary,20061
AR,Johnson,05071
FL,Osceola,12097
CA,Placer,06061
RI,Washington,44009
KS,Smith,20183
GA,Coweta,13077
AR,Logan,05083
UT,Weber,49057
AR,Howard,05061
TX,Kimble,48267
GA,Houston,13153
MT,Powell,30077
SD,Beadle,46005
VT,Addison,50001
GA,Grady,13131
WV,Greenbrier,54025
TX,Winkler,48495
UT,Millard,49027
MN,Winona,27169
MI,Manistee,26101
CA,Tuolumne,06109
WV,Roane,54087
TN,Obion,47131
OR,Union,41061
KS,Nemaha,20131
CO,Grand,08049
ND,Burleigh,38015
NC,Polk,37149
IN,Shelby,18145
NM,Do√±a Ana,35013
AL,Randolph,01111
WV,Harrison,54033
MN,Morrison,27097
CO,Moffat,08081
MI,Gogebic,26053
MT,Wheatland,30107
VA,Alleghany,51005
TX,Victoria,48469
IA,Iowa,19095
KY,Grayson,21085
MN,Kanabec,27065
TN,Anderson,47001
CO,Montezuma,08083
TX,Palo Pinto,48363
OH,Crawford,39033
MS,Union,28145
MT,Hill,30041
NC,Granville,37077
TN,Hardeman,47069
TN,Carroll,47017
TX,Midland,48329
IA,Greene,19073
NY,Madison,36053
NV,Churchill,32001
PA,Bradford,42015
AZ,Mohave,04015
LA,Washington,22117
IN,Clay,18021
KS,Clark,20025
PA,Crawford,42039
IN,Porter,18127
IA,Jones,19105
VA,Petersburg,51730
TX,Wichita,48485
NM,Cibola,35006
IN,Grant,18053
WY,Weston,56045
GA,Candler,13043
IA,Montgomery,19137
MI,Otsego,26137
LA,Winn,22127
TN,Hawkins,47073
NY,Cayuga,36011
MT,Custer,30017
MI,Ionia,26067
NE,Butler,31023
WV,Marion,54049
TX,Brewster,48043
VA,Essex,51057
NY,Schenectady,36093
MI,Sanilac,26151
WI,Outagamie,55087
WY,Crook,56011
MS,Simpson,28127
WY,Lincoln,56023
FL,Baker,12003
GA,Cherokee,13057
MO,Randolph,29175
OR,Clackamas,41005
AL,Montgomery,01101
MN,Roseau,27135
GA,Toombs,13279
MI,Emmet,26047
NC,Beaufort,37013
TN,Cocke,47029
MS,Pike,28113
NE,Knox,31107
AR,White,05145
IN,Knox,18083
IN,Noble,18113
OH,Clinton,39027
KS,Brown,20013
KS,Mitchell,20123
MS,Quitman,28119
ND,Rolette,38079
IL,Perry,17145
SC,Lancaster,45057
WI,Winnebago,55139
OH,Tuscarawas,39157
IA,Jefferson,19101
IN,Hendricks,18063
TX,Wilbarger,48487
AL,Wilcox,01131
MS,Montgomery,28097
TX,Jim Wells,48249
IN,LaPorte,18091
NY,Oneida,36065
NY,Schuyler,36097
WI,Douglas,55031
TN,Dyer,47045
AR,Independence,05063
IL,Hamilton,17065
CO,Summit,08117
MO,Phelps,29161
MD,Prince George's,24033
MI,Benzie,26019
GA,Upson,13293
IL,Grundy,17063
OR,Wallowa,41063
NC,Cleveland,37045
OK,Blaine,40011
LA,Natchitoches,22069
TN,Lauderdale,47097
OR,Lane,41039
NY,Dutchess,36027
GA,Berrien,13019
VA,Prince Edward,51147
AR,Washington,05143
WV,Berkeley,54003
IN,Harrison,18061
MI,Muskegon,26121
IN,Jay,18075
SD,Gregory,46053
NC,Forsyth,37067
MI,Grand Traverse,26055
CO,Fremont,08043
MO,Boone,29019
VA,Martinsville,51690
NC,Montgomery,37123
TX,Culberson,48109
CO,Eagle,08037
VT,Chittenden,50007
AR,Columbia,05027
WY,Carbon,56007
KY,Russell,21207
AK,Ketchikan Gateway,02130
NY,Albany,36001
NC,Brunswick,37019
OH,Jackson,39079
WY,Campbell,56005
OK,Pontotoc,40123
WV,Barbour,54001
SD,Brule,46015
IA,Adair,19001
OR,Polk,41053
AR,Sebastian,05131
NC,Richmond,37153
ID,Minidoka,16067
NC,Wake,37183
SD,Kingsbury,46077
IA,Allamakee,19005
NY,Chenango,36017
MN,Brown,27015
CA,Mariposa,06043
WI,Sawyer,55113
OK,Marshall,40095
NE,Johnson,31097
KS,Comanche,20033
MN,Pennington,27113
AR,Greene,05055
NE,Thayer,31169
TX,Atascosa,48013
MI,Charlevoix,26029
TX,McCulloch,48307
DE,Sussex,10005
MI,Kalamazoo,26077
IL,Jersey,17083
OH,Fayette,39047
KY,Franklin,21073
VA,Prince William,51153
MO,Atchison,29005
NE,Seward,31159
TX,Angelina,48005
ID,Power,16077
NV,Humboldt,32013
TX,Wood,48499
NY,Cortland,36023
GA,Lanier,13173
KS,Sherman,20181
TN,Wilson,47189
VA,Spotsylvania,51177
WI,Wood,55141
MO,Cass,29037
MS,Tate,28137
SD,Faulk,46049
NM,McKinley,35031
KY,Johnson,21115
MN,Douglas,27041
OH,Sandusky,39143
TN,Hardin,47071
TN,Monroe,47123
NE,Saline,31151
VA,Alexandria,51510
WI,Rusk,55107
MN,Becker,27005
NC,Person,37145
TX,Comanche,48093
NY,Wyoming,36121
MN,Renville,27129
MS,Choctaw,28019
MN,Scott,27139
TX,Cherokee,48073
AR,Lawrence,05075
FL,Miami-dade,12086
OH,Geauga,39055
VA,Culpeper,51047
NC,Moore,37125
IA,Appanoose,19007
IA,Adams,19003
AR,Scott,05127
UT,Duchesne,49013
KY,Taylor,21217
MN,Chisago,27025
AR,Mississippi,05093
IL,Effingham,17049
GA,Macon,13193
KY,Hart,21099
TX,Johnson,48251
NY,Putnam,36079
GA,Effingham,13103
TX,Ochiltree,48357
CA,San Benito,06069
IN,Cass,18017
KS,Leavenworth,20103
TX,Hockley,48219
FL,Franklin,12037
KS,Washington,20201
MI,Gratiot,26057
IA,Plymouth,19149
OK,Cimarron,40025
KY,Bourbon,21017
IN,Elkhart,18039
MO,Lincoln,29113
MN,Stearns,27145
MN,Watonwan,27165
CA,Glenn,06021
UT,Sevier,49041
OK,Garvin,40049
AR,Faulkner,05045
KY,Harlan,21095
LA,Evangeline,22039
IA,Dallas,19049
ID,Lemhi,16059
GA,Jasper,13159
ND,Williams,38105
CO,Cheyenne,08017
AK,Matanuska-Susitna,02170
MS,Lincoln,28085
TX,Rockwall,48397
MN,Hubbard,27057
NC,Pitt,37147
FL,Flagler,12035
OK,Okmulgee,40111
PA,Carbon,42025
OK,Osage,40113
IL,Shelby,17173
NC,Davie,37059
NH,Carroll,33003
OK,Greer,40055
KY,Woodford,21239
KY,Scott,21209
GA,Greene,13133
TX,Hemphill,48211
WI,Door,55029
NM,Luna,35029
AR,Crittenden,05035
OR,Morrow,41049
MN,Polk,27119
TX,Lynn,48305
IA,Monroe,19135
KS,Cherokee,20021
MI,Hillsdale,26059
SD,McPherson,46089
NE,Scotts Bluff,31157
MO,Bates,29013
MI,Iosco,26069
GA,Crisp,13081
GA,Meriwether,13199
KS,Rice,20159
MS,Pontotoc,28115
TN,Dickson,47043
NM,Santa Fe,35049
MO,Lawrence,29109
TX,Walker,48471
AL,Jackson,01071
TX,Baylor,48023
MI,Isabella,26073
WV,Grant,54023
OK,Beaver,40007
NE,Sheridan,31161
IL,Union,17181
OK,Kay,40071
MD,Howard,24027
KY,Graves,21083
TX,Crane,48103
FL,Hardee,12049
TX,Throckmorton,48447
NC,Cumberland,37051
NM,Eddy,35015
FL,Manatee,12081
NC,Rockingham,37157
SD,Douglas,46043
WI,Chippewa,55017
VT,Orleans,50019
KS,Doniphan,20043
AL,Greene,01063
TX,Jones,48253
TN,Smith,47159
IL,Marion,17121
NC,Burke,37023
LA,St. Helena,22091
NE,Nance,31125
ND,Cavalier,38019
WV,Cabell,54011
ND,Traill,38097
KY,Nelson,21179
NC,Sampson,37163
NC,Pender,37141
NC,Edgecombe,37065
MI,Oceana,26127
WI,Green Lake,55047
AR,Clay,05021
WI,Shawano,55115
MN,Chippewa,27023
AR,Sevier,05133
UT,Sanpete,49039
KS,Trego,20195
WA,Mason,53045
KY,Morgan,21175
SC,Hampton,45049
FL,Martin,12085
MI,Wexford,26165
GA,Morgan,13211
KS,Saline,20169
OH,Holmes,39075
ID,Clearwater,16035
MO,Pike,29163
KS,Scott,20171
IA,Clarke,19039
KY,Calloway,21035
TX,Clay,48077
OH,Ross,39141
IL,McDonough,17109
IA,Wright,19197
NC,Nash,37127
SC,Georgetown,45043
OK,Carter,40019
OR,Clatsop,41007
TX,Bowie,48037
ND,Adams,38001
SD,Codington,46029
MT,Pondera,30073
KS,Russell,20167
OH,Jefferson,39081
AL,Butler,01013
AR,Izard,05065
TX,Houston,48225
NE,Brown,31017
OK,Harmon,40057
ID,Gem,16045
MT,Park,30067
TX,Jasper,48241
NH,Sullivan,33019
CO,Pitkin,08097
TX,Burnet,48053
KY,Knox,21121
MI,Lenawee,26091
PA,McKean,42083
IL,Morgan,17137
MI,Eaton,26045
PA,Jefferson,42065
TX,Schleicher,48413
KS,Butler,20015
IL,Piatt,17147
PA,Bedford,42009
TN,Johnson,47091
SD,Walworth,46129
NE,Dawes,31045
OH,Wyandot,39175
TX,Stonewall,48433
AL,Baldwin,01003
ME,Washington,23029
KY,Kenton,21117
IN,Madison,18095
KS,Wichita,20203
KY,Clinton,21053
AL,Morgan,01103
ID,Gooding,16047
NY,Oswego,36075
IN,Howard,18067
MS,Stone,28131
MO,Pemiscot,29155
MS,Tippah,28139
ND,Mountrail,38061
KY,Whitley,21235
WI,Adams,55001
MN,Dakota,27037
OR,Malheur,41045
IL,Saline,17165
MT,Sweet Grass,30097
IN,Jennings,18079
SD,Roberts,46109
NV,Lyon,32019
MD,Garrett,24023
NE,Custer,31041
AL,Cherokee,01019
GA,Monroe,13207
WV,Morgan,54065
SC,Chesterfield,45025
IA,Cherokee,19035
MI,Lapeer,26087
IN,Starke,18149
AL,Etowah,01055
OR,Lake,41037
TX,Wharton,48481
CO,Delta,08029
KY,Muhlenberg,21177
NM,Lea,35025
MN,Aitkin,27001
LA,Ascension,22005
KS,Riley,20161
PA,Beaver,42007
VA,Salem,51775
KS,Morris,20127
IA,Humboldt,19091
PA,Union,42119
IN,Vermillion,18165
VA,Chesterfield,51041
NE,Washington,31177
MI,Clare,26035
WY,Park,56029
NY,Orleans,36073
UT,San Juan,49037
TX,Ector,48135
CA,Inyo,06027
TN,Franklin,47051
VA,Lee,51105
SD,Potter,46107
MI,Alpena,26007
NE,Furnas,31065
SD,Marshall,46091
ND,Mercer,38057
LA,Caldwell,22021
OH,Union,39159
TX,Deaf Smith,48117
CO,Weld,08123
IA,Fayette,19065
VA,Newport News,51700
MI,Kalkaska,26079
IA,Des Moines,19057
ND,Pembina,38067
IL,Livingston,17105
OH,Lawrence,39087
WV,Jackson,54035
AR,Cleburne,05023
LA,Morehouse,22067
AL,Franklin,01059
MS,Coahoma,28027
TX,Hartley,48205
SC,Edgefield,45037
WI,Monroe,55081
GA,McDuffie,13189
GA,Thomas,13275
NY,Herkimer,36043
ID,Latah,16057
AL,Choctaw,01023
AR,Craighead,05031
SC,Sumter,45085
AL,Geneva,01061
TX,Reeves,48389
OR,Harney,41025
VA,Wythe,51197
OR,Curry,41015
ND,Stutsman,38093
GA,Camden,13039
OH,Clermont,39025
SD,Hand,46059
ND,Walsh,38099
MS,Yazoo,28163
SD,Bennett,46007
IL,Williamson,17199
GA,Ben Hill,13017
NE,Gage,31067
NE,Fillmore,31059
MA,Franklin,25011
MD,Frederick,24021
KY,Pulaski,21199
OK,Rogers,40131
ID,Valley,16085
AL,Pike,01109
FL,Putnam,12107
MS,Yalobusha,28161
WA,Franklin,53021
WI,Iowa,55049
VA,Charlottesville,51540
TN,Bradley,47011
NC,Randolph,37151
IN,Whitley,18183
NY,Warren,36113
IN,Gibson,18051
MN,Murray,27101
MI,Saginaw,26145
MS,Jefferson Davis,28065
VA,Danville,51590
KS,Ottawa,20143
NY,Columbia,36021
GA,Gwinnett,13135
AR,Yell,05149
AL,Talladega,01121
LA,St. Charles,22089
KY,Adair,21001
MT,Dawson,30021
KY,Madison,21151
NC,Columbus,37047
NJ,Salem,34033
IA,Davis,19051
MN,Big Stone,27011
ND,Ramsey,38071
MT,Fallon,30025
NH,Coos,33007
CA,Santa Cruz,06087
KY,Pike,21195
FL,Bay,12005
MT,Blaine,30005
TN,Roane,47145
VA,Giles,51071
MT,Daniels,30019
VA,Pulaski,51155
KS,Ness,20135
MT,Cascade,30013
MN,Sherburne,27141
PA,Potter,42105
TN,Warren,47177
NC,Orange,37135
OK,Nowata,40105
NC,Lenoir,37107
TX,Kerr,48265
NC,Alamance,37001
MI,Calhoun,26025
MT,Mineral,30061
NJ,Hudson,34017
KS,Osborne,20141
LA,Sabine,22085
AR,Saline,05125
NY,Essex,36031
OH,Greene,39057
FL,Washington,12133
CA,Trinity,06105
NE,Boyd,31015
MN,Meeker,27093
KY,Mercer,21167
OK,McCurtain,40089
ND,Towner,38095
OK,Roger Mills,40129
PA,Northampton,42095
CO,Baca,08009
TX,Eastland,48133
NC,Avery,37011
NE,Keith,31101
IN,Daviess,18027
IN,Tipton,18159
MS,Neshoba,28099
TX,Erath,48143
PA,Clearfield,42033
MO,Nodaway,29147
TN,Marshall,47117
AL,Lee,01081
KS,Miami,20121
KY,Perry,21193
NV,Lander,32015
GA,Bleckley,13023
OK,Woodward,40153
GA,Fayette,13113
IL,Clinton,17027
MO,Taney,29213
VA,Hampton,51650
MN,Cottonwood,27033
TX,Sabine,48403
AL,Dale,01045
AL,Fayette,01057
WV,Jefferson,54037
MN,Anoka,27003
AK,Bethel,02050
TX,Collingsworth,48087
OH,Seneca,39147
NC,Dare,37055
WI,Jackson,55053
KS,Douglas,20045
MI,Ottawa,26139
OH,Paulding,39125
ID,Washington,16087
AL,Chambers,01017
IN,Sullivan,18153
IN,Jefferson,18077
NV,Lincoln,32017
MO,Buchanan,29021
SC,Allendale,45005
GA,Henry,13151
GA,Dodge,13091
WV,McDowell,54047
NC,Robeson,37155
MS,Calhoun,28013
IA,Page,19145
NE,Lincoln,31111
OK,Jefferson,40067
FL,Calhoun,12013
KS,Grant,20067
AL,Crenshaw,01041
AL,Tuscaloosa,01125
TX,Tyler,48457
IA,Buchanan,19019
GA,Jeff Davis,13161
GA,Evans,13109
MD,Cecil,24015
KY,Fleming,21069
ND,McKenzie,38053
TX,Maverick,48323
NE,Nuckolls,31129
NE,Pierce,31139
AL,Cullman,01043
MS,Lowndes,28087
TX,Hale,48189
MT,Lake,30047
TX,Henderson,48213
IL,Pike,17149
MS,Forrest,28035
TN,Humphreys,47085
TX,Madison,48313
GA,Haralson,13143
TN,Putnam,47141
UT,Summit,49043
GA,Wilkes,13317
ND,Barnes,38003
AK,Juneau,02110
OH,Columbiana,39029
IA,Lucas,19117
SC,Cherokee,45021
GA,Walton,13297
KS,Ford,20057
KY,Lawrence,21127
MI,Crawford,26039
SD,Lake,46079
MD,Talbot,24041
SD,Grant,46051
MS,Madison,28089
SC,Aiken,45003
LA,Jackson,22049
NC,Jackson,37099
KS,Gove,20063
WI,Columbia,55021
TX,Fisher,48151
WV,Boone,54005
TX,Bailey,48017
OR,Deschutes,41017
MI,Clinton,26037
IL,Jo Daviess,17085
VA,Chesapeake,51550
SD,Union,46127
NE,Rock,31149
MD,Charles,24017
MN,Blue Earth,27013
NC,Scotland,37165
ID,Shoshone,16079
CA,Del Norte,06015
NE,Saunders,31155
ID,Benewah,16009
IN,White,18181
ND,Bowman,38011
PA,Adams,42001
MN,Rice,27131
GA,Decatur,13087
MN,Nobles,27105
IA,Clayton,19043
IA,Shelby,19165
MO,Washington,29221
PA,Armstrong,42005
WY,Teton,56039
IA,Boone,19015
OH,Fulton,39051
IL,Massac,17127
MD,Harford,24025
NE,Cuming,31039
MT,Musselshell,30065
TX,Hardeman,48197
KS,Cloud,20029
AZ,La Paz,04012
OH,Van Wert,39161
NM,Otero,35035
FL,Taylor,12123
WA,Whatcom,53073
KS,Hodgeman,20083
IA,Chickasaw,19037
TX,Floyd,48153
MO,Clinton,29049
VA,Hanover,51085
GA,Liberty,13179
AL,Barbour,01005
AL,Houston,01069
GA,Newton,13217
MS,Leake,28079
WA,Pacific,53049
TX,Falls,48145
WI,Vilas,55125
CO,Otero,08089
OK,Texas,40139
KS,Lincoln,20105
KY,Boone,21015
NC,Mitchell,37121
TN,Campbell,47013
IL,Stephenson,17177
WI,Trempealeau,55121
NC,Transylvania,37175
NE,Richardson,31147
OR,Klamath,41035
NE,Howard,31093
MN,Grant,27051
GA,Douglas,13097
WY,Washakie,56043
TX,Mclennan,48309
NC,Wilkes,37193
KS,Clay,20027
WI,Walworth,55127
OH,CUYAHOGA,39035
SC,Newberry,45071
AR,Crawford,05033
PA,Chester,42029
KY,Shelby,21211
IL,Ogle,17141
AL,Covington,01039
MT,McCone,30055
SD,Edmunds,46045
TN,Williamson,47187
IL,Wayne,17191
IL,Mercer,17131
OH,Harrison,39067
IL,Bureau,17011
MO,Franklin,29071
LA,West Feliciana,22125
AL,Bibb,01007
MN,Isanti,27059
MO,Stoddard,29207
MA,Hampshire,25015
NE,Merrick,31121
GA,Brooks,13027
MI,Arenac,26011
WV,Logan,54045
NJ,Hunterdon,34019
TX,Trinity,48455
MT,Prairie,30079
VT,Washington,50023
IL,Knox,17095
NM,Rio Arriba,35039
SD,Davison,46035
MS,Noxubee,28103
GA,Putnam,13237
KY,Bullitt,21029
IN,Henry,18065
MT,Teton,30099
MS,Kemper,28069
MS,Attala,28007
MN,Cook,27031
OK,Kiowa,40075
ND,Ransom,38073
OK,Kingfisher,40073
GA,Elbert,13105
SC,Lexington,45063
MS,Warren,28149
LA,De Soto,22031
KS,Harvey,20079
WA,Island,53029
ID,Teton,16081
OK,Major,40093
VA,Suffolk,51800
NM,Socorro,35053
MN,Steele,27147
KY,Henderson,21101
WV,Nicholas,54067
KS,Lyon,20111
TX,Yoakum,48501
MT,Stillwater,30095
MS,Lafayette,28071
IA,Franklin,19069
MO,Scott,29201
OH,Erie,39043
IL,Warren,17187
OK,Choctaw,40023
CO,Kiowa,08061
KY,Marion,21155
RI,Newport,44005
CA,El Dorado,06017
KS,Allen,20001
NC,Washington,37187
WI,Calumet,55015
GA,Franklin,13119
CA,Lassen,06035
MO,Henry,29083
NC,Lee,37105
TX,Refugio,48391
MO,Newton,29145
LA,Bossier,22015
NE,Garden,31069
OH,Marion,39101
MS,Wayne,28153
MO,Scotland,29199
KY,Lincoln,21137
VA,Russell,51167
VT,Rutland,50021
MS,Prentiss,28117
KS,Lane,20101
MI,Newaygo,26123
MN,Clearwater,27029
OH,Shelby,39149
GA,Washington,13303
VA,Galax,51640
MO,Cole,29051
KY,Allen,21003
WY,Converse,56009
VA,Mecklenburg,51117
NE,Colfax,31037
TX,Nolan,48353
IL,Franklin,17055
TN,Robertson,47147
MS,Clarke,28023
LA,St. Martin,22099
MO,Ray,29177
NE,Jefferson,31095
SC,Clarendon,45027
KS,Graham,20065
NC,Bertie,37015
IA,Woodbury,19193
VA,Buchanan,51027
IN,Delaware,18035
AR,Ashley,05003
OK,Sequoyah,40135
MN,Sibley,27143
MN,Cass,27021
MT,Chouteau,30015
VT,Franklin,50011
KS,Ellsworth,20053
PA,Monroe,42089
KS,Haskell,20081
MT,Carter,30011
NY,Schoharie,36095
TX,Uvalde,48463
VA,Halifax,51083
AK,Sitka,02220
WI,Washington,55131
OK,Custer,40039
OK,Jackson,40065
VA,Smyth,51173
WI,Ozaukee,55089
LA,Franklin,22041
VA,Lexington,51678
OH,Clark,39023
NC,Chowan,37041
ND,McIntosh,38051
NV,Pershing,32027
UT,Uintah,49047
WI,Taylor,55119
WI,Crawford,55023
OH,Ottawa,39123
AR,Drew,05043
GA,Polk,13233
MI,Luce,26095
MO,Platte,29165
MN,Traverse,27155
WV,Upshur,54097
IL,Woodford,17203
IN,LaGrange,18087
GA,Miller,13201
IA,Clay,19041
SD,Yankton,46135
MS,Newton,28101
OK,Love,40085
OK,Bryan,40013
NY,Montgomery,36057
KS,Cowley,20035
TX,Terry,48445
KY,Daviess,21059
MT,Richland,30083
SD,Brown,46013
FL,Okeechobee,12093
IA,Carroll,19027
GA,Pickens,13227
MO,Johnson,29101
NV,Nye,32023
WY,Albany,56001
MN,Marshall,27089
PA,Susquehanna,42115
FL,Nassau,12089
MT,Phillips,30071
ID,Jerome,16053
VA,Lynchburg,51680
SD,Deuel,46039
TX,Coryell,48099
NE,Box Butte,31013
OK,Woods,40151
OR,Benton,41003
OK,Okfuskee,40107
ID,Caribou,16029
IA,Palo Alto,19147
NC,Macon,37113
MN,Lincoln,27081
CO,Logan,08075
MN,Kandiyohi,27067
MI,Livingston,26093
MN,Mille Lacs,27095
TX,Sutton,48435
KS,Jackson,20085
IL,Mchenry,17111
KY,Boyle,21021
TN,Rhea,47143
SD,Moody,46101
KS,Morton,20129
NC,Rowan,37159
AL,Chilton,01021
WY,Hot Springs,56017
TX,Val Verde,48465
TN,Lincoln,47103
OH,Mercer,39107
MO,Pettis,29159
MN,Wilkin,27167
NY,Genesee,36037
ID,Nez Perce,16069
TX,Concho,48095
OH,Pike,39131
KY,Clay,21051
AL,Monroe,01099
KY,Breathitt,21025
SC,Marion,45067
KS,Edwards,20047
CO,Huerfano,08055
TX,Panola,48365
TX,Lampasas,48281
NE,Antelope,31003
PA,Northumberland,42097
VA,Manassas,51683
AL,Coffee,01031
NV,Elko,32007
OH,Miami,39109
MS,Marion,28091
IA,Crawford,19047
MO,Harrison,29081
WV,Marshall,54051
WV,Webster,54101
OH,Guernsey,39059
IL,Mason,17125
OH,Madison,39097
NC,Halifax,37083
TX,Hamilton,48193
OK,Craig,40035
MT,Fergus,30027
FL,Gulf,12045
GA,Barrow,13013
MI,Iron,26071
MO,Laclede,29105
KY,Simpson,21213
OH,Logan,39091
GA,Lumpkin,13187
WA,Asotin,53003
CA,Calaveras,06009
MT,Carbon,30009
IA,Benton,19011
NC,Duplin,37061
NM,Roosevelt,35041
MT,Lincoln,30053
MO,Ste. Genevieve,29186
SD,Meade,46093
NJ,Cape May,34009
OK,Ottawa,40115
SD,Tripp,46123
CO,Las Animas,08071
NY,Cattaraugus,36009
MS,Jones,28067
SC,Abbeville,45001
NC,Onslow,37133
IA,Cass,19029
OR,Crook,41013
MT,Sheridan,30091
SC,Oconee,45073
WV,Mineral,54057
PA,Wayne,42127
CO,Sedgwick,08115
PA,Warren,42123
WI,Waushara,55137
WA,Kittitas,53037
TX,Childress,48075
OH,Licking,39089
TX,Moore,48341
TX,Cass,48067
MT,Sanders,30089
ND,Pierce,38069
WV,Randolph,54083
MO,Cedar,29039
NC,Wayne,37191
KY,Wayne,21231
KS,Phillips,20147
VA,Emporia,51595
TN,Trousdale,47169
OH,Athens,39009
NE,Kimball,31105
MD,Allegany,24001
ID,Elmore,16039
IA,Howard,19089
AR,Franklin,05047
TX,Camp,48063
MN,Le Sueur,27079
WY,Johnson,56019
TX,Calhoun,48057
WY,Laramie,56021
WI,Price,55099
WA,Garfield,53023
UT,Iron,49021
TN,Sevier,47155
AR,Boone,05009
IN,Jackson,18071
KY,Estill,21065
UT,Kane,49025
OH,Darke,39037
VA,Gloucester,51073
AK,Wrangell,02275
MI,Ogemaw,26129
IA,Cerro Gordo,19033
FL,DeSoto,12027
AR,Polk,05113
ND,Bottineau,38009
TX,Swisher,48437
VA,Bath,51017
OK,Ellis,40045
AL,Winston,01133
NE,Wayne,31179
LA,Concordia,22029
MN,Crow Wing,27035
OH,Belmont,39013
TX,Gillespie,48171
IA,Marshall,19127
VA,Hopewell,51670
AZ,Santa Cruz,04023
IA,Buena Vista,19021
GA,Tift,13277
ME,Franklin,23007
MT,Ravalli,30081
KS,Kingman,20095
MS,Lee,28081
OR,Josephine,41033
NE,Dundy,31057
SD,Brookings,46011
OK,Atoka,40005
IA,Audubon,19009
OH,Muskingum,39119
